               epoch,      train/box_loss,      train/obj_loss,      train/cls_loss,   metrics/precision,      metrics/recall,     metrics/mAP_0.5,metrics/mAP_0.5:0.95,        val/box_loss,        val/obj_loss,        val/cls_loss,               x/lr0,               x/lr1,               x/lr2
                   0,            0.097851,            0.028827,            0.014321,              0.3371,             0.25303,             0.20635,            0.076355,            0.059454,            0.020299,           0.0040296,             0.07004,           0.0033289,           0.0033289
                   1,            0.071946,            0.023195,           0.0038216,              0.5341,             0.42571,             0.41699,             0.13258,            0.048688,            0.017069,           0.0017439,            0.039974,           0.0065962,           0.0065962
                   2,            0.066277,            0.019653,           0.0031299,             0.59676,             0.57363,             0.55727,             0.21783,            0.047171,            0.014969,           0.0017087,           0.0098424,           0.0097976,           0.0097976
                   3,            0.059693,            0.017575,           0.0027925,             0.80846,             0.66501,              0.7116,             0.32327,            0.039397,            0.013828,           0.0014316,            0.009703,            0.009703,            0.009703
                   4,            0.053829,            0.016604,           0.0024163,             0.82106,             0.71729,             0.76276,             0.36278,            0.036237,            0.013013,           0.0011326,            0.009703,            0.009703,            0.009703
                   5,            0.049458,            0.015905,           0.0022992,             0.81941,             0.73264,             0.78308,             0.39479,            0.033472,            0.012546,          0.00097305,            0.009604,            0.009604,            0.009604
